"k_mean","k_stdev","k_median","k_errlo","k_errup"
3.551843894814324942e-01,3.493675943531484619e-03,3.551742375785440498e-01,3.517161989456436544e-01,3.586354465061876162e-01
