"k_mean","k_stdev","k_median","k_errlo","k_errup"
3.551915670997685681e-01,3.492858095218492106e-03,3.551705121093597928e-01,3.517162890870033642e-01,3.586381839993846299e-01
