"k_mean","k_stdev","k_median","k_errlo","k_errup"
3.551858178725337267e-01,3.493555488651743819e-03,3.551647181002757225e-01,3.517162620143980956e-01,3.586354465061876162e-01
