"k_mean","k_stdev","k_median","k_errlo","k_errup"
3.551871476653363224e-01,3.494126601018230586e-03,3.551988697502383996e-01,3.517162620143980956e-01,3.586381839993846299e-01
