{
    "niter": 10544,
    "logz": -6972.4173578186455,
    "logzerr": 0.1326268055440972,
    "logz_bs": -6972.421687815715,
    "logz_single": -6972.4173578186455,
    "logzerr_tail": 0.03172452341186727,
    "logzerr_bs": 0.12877664447842108,
    "ess": 3128.398522907453,
    "H": 5.627886407201004,
    "Herr": 0.06322610131889458,
    "posterior": {
        "mean": [
            0.3551843894814325
        ],
        "stdev": [
            0.0034936759435314846
        ],
        "median": [
            0.35517423757854405
        ],
        "errlo": [
            0.35171619894564365
        ],
        "errup": [
            0.3586354465061876
        ],
        "information_gain_bits": [
            3.841816392643316
        ]
    },
    "maximum_likelihood": {
        "logl": -6966.307792866373,
        "point": [
            0.355219151096108
        ],
        "point_untransformed": [
            0.588804787774027
        ]
    },
    "ncall": 10686,
    "paramnames": [
        "k"
    ],
    "logzerr_single": 0.07501924024675939,
    "insertion_order_MWW_test": {
        "independent_iterations": Infinity,
        "converged": true
    }
}