{
    "niter": 10544,
    "logz": -6972.4173578186455,
    "logzerr": 0.11882467328403444,
    "logz_bs": -6972.435663192634,
    "logz_single": -6972.4173578186455,
    "logzerr_tail": 0.03172452341186727,
    "logzerr_bs": 0.11451138631309732,
    "ess": 3128.398522907453,
    "H": 5.627886407201004,
    "Herr": 0.06338183201759313,
    "posterior": {
        "mean": [
            0.3551871476653363
        ],
        "stdev": [
            0.0034941266010182306
        ],
        "median": [
            0.3551988697502384
        ],
        "errlo": [
            0.3517162620143981
        ],
        "errup": [
            0.35863818399938463
        ],
        "information_gain_bits": [
            3.841816392643316
        ]
    },
    "maximum_likelihood": {
        "logl": -6966.307792866373,
        "point": [
            0.355219151096108
        ],
        "point_untransformed": [
            0.588804787774027
        ]
    },
    "ncall": 10686,
    "paramnames": [
        "k"
    ],
    "logzerr_single": 0.07501924024675939,
    "insertion_order_MWW_test": {
        "independent_iterations": Infinity,
        "converged": true
    }
}