{
    "niter": 10544,
    "logz": -6972.4173578186455,
    "logzerr": 0.11154237960847752,
    "logz_bs": -6972.421597933056,
    "logz_single": -6972.4173578186455,
    "logzerr_tail": 0.03172452341186727,
    "logzerr_bs": 0.10693576138510252,
    "ess": 3128.398522907453,
    "H": 5.627886407200094,
    "Herr": 0.06571814629863183,
    "posterior": {
        "mean": [
            0.35519156709976857
        ],
        "stdev": [
            0.003492858095218492
        ],
        "median": [
            0.3551705121093598
        ],
        "errlo": [
            0.35171628908700336
        ],
        "errup": [
            0.35863818399938463
        ],
        "information_gain_bits": [
            3.841816392643316
        ]
    },
    "maximum_likelihood": {
        "logl": -6966.307792866373,
        "point": [
            0.355219151096108
        ],
        "point_untransformed": [
            0.588804787774027
        ]
    },
    "ncall": 10686,
    "paramnames": [
        "k"
    ],
    "logzerr_single": 0.07501924024675333,
    "insertion_order_MWW_test": {
        "independent_iterations": Infinity,
        "converged": true
    }
}