{
    "niter": 10544,
    "logz": -6972.4173578186455,
    "logzerr": 0.15323931356465548,
    "logz_bs": -6972.408409277874,
    "logz_single": -6972.4173578186455,
    "logzerr_tail": 0.03172452341186727,
    "logzerr_bs": 0.14991945115980343,
    "ess": 3128.398522907453,
    "H": 5.627886407200094,
    "Herr": 0.06533559105760613,
    "posterior": {
        "mean": [
            0.3551858178725337
        ],
        "stdev": [
            0.003493555488651744
        ],
        "median": [
            0.3551647181002757
        ],
        "errlo": [
            0.3517162620143981
        ],
        "errup": [
            0.3586354465061876
        ],
        "information_gain_bits": [
            3.841816392643316
        ]
    },
    "maximum_likelihood": {
        "logl": -6966.307792866373,
        "point": [
            0.355219151096108
        ],
        "point_untransformed": [
            0.588804787774027
        ]
    },
    "ncall": 10686,
    "paramnames": [
        "k"
    ],
    "logzerr_single": 0.07501924024675333,
    "insertion_order_MWW_test": {
        "independent_iterations": Infinity,
        "converged": true
    }
}