"sigma_mean","sigma_stdev","sigma_median","sigma_errlo","sigma_errup","l_mean","l_stdev","l_median","l_errlo","l_errup","k_mean","k_stdev","k_median","k_errlo","k_errup"
3.553274991175936481e-01,3.028274354251745196e-02,3.533211687603783346e-01,3.256541464730684510e-01,3.862901798164080081e-01,4.125833951800291777e-01,2.023109598262075315e-02,4.102092916350218443e-01,3.933632594840891228e-01,4.318534152715025054e-01,2.043602238404564758e-02,5.564350036606628691e-02,2.181838885411990780e-02,-3.541363402616792833e-02,7.481374405555681062e-02
