"sigma_mean","sigma_stdev","sigma_median","sigma_errlo","sigma_errup","l_mean","l_stdev","l_median","l_errlo","l_errup","k_mean","k_stdev","k_median","k_errlo","k_errup"
3.550598226548038472e-01,3.010618612395999857e-02,3.530829750155944358e-01,3.255931608759819462e-01,3.860106285349227950e-01,4.127485278833157856e-01,2.041917235080888127e-02,4.102380790917253828e-01,3.934442959925903982e-01,4.321061585383775827e-01,2.045960270800431177e-02,5.562357860550367489e-02,2.160522055877467373e-02,-3.547875802513571208e-02,7.474864656830004783e-02
