"sigma_mean","sigma_stdev","sigma_median","sigma_errlo","sigma_errup","l_mean","l_stdev","l_median","l_errlo","l_errup","k_mean","k_stdev","k_median","k_errlo","k_errup"
3.552552677625840927e-01,3.015199053828739734e-02,3.532649789813426255e-01,3.256492236006645058e-01,3.862901798164080081e-01,4.126892844838576657e-01,2.024064738361355809e-02,4.102546619362223423e-01,3.935413161013927574e-01,4.319336954822889374e-01,2.061437028678460293e-02,5.578959833946844221e-02,2.183435754326601419e-02,-3.563180538728116797e-02,7.503919033440431541e-02
