{
    "niter": 16883,
    "logz": 22.750320399432375,
    "logzerr": 0.16725921259864898,
    "logz_bs": 22.74700591691489,
    "logz_single": 22.750320399432375,
    "logzerr_tail": 0.009942797645329904,
    "logzerr_bs": 0.16696342406079268,
    "ess": 4818.335991749555,
    "H": 9.744848376957084,
    "Herr": 0.07659222009204096,
    "posterior": {
        "mean": [
            0.35532749911759365,
            0.4125833951800292,
            0.020436022384045648
        ],
        "stdev": [
            0.030282743542517452,
            0.020231095982620753,
            0.05564350036606629
        ],
        "median": [
            0.35332116876037833,
            0.41020929163502184,
            0.021818388854119908
        ],
        "errlo": [
            0.32565414647306845,
            0.3933632594840891,
            -0.03541363402616793
        ],
        "errup": [
            0.386290179816408,
            0.4318534152715025,
            0.07481374405555681
        ],
        "information_gain_bits": [
            2.0739781552256056,
            4.047445368147447,
            2.202952333700384
        ]
    },
    "maximum_likelihood": {
        "logl": 34.062365686621135,
        "point": [
            0.3472472163181204,
            0.4102788348198124,
            0.017202608775020334
        ],
        "point_untransformed": [
            0.3472472163181204,
            0.02051394174099062,
            0.5086013043875102
        ]
    },
    "ncall": 32969,
    "paramnames": [
        "sigma",
        "l",
        "k"
    ],
    "logzerr_single": 0.09871599858663783,
    "insertion_order_MWW_test": {
        "independent_iterations": Infinity,
        "converged": true
    }
}