{
    "niter": 16883,
    "logz": 22.750320399432375,
    "logzerr": 0.17197359739522836,
    "logz_bs": 22.754547473170422,
    "logz_single": 22.750320399432375,
    "logzerr_tail": 0.009942797645329904,
    "logzerr_bs": 0.1716859312117336,
    "ess": 4818.335991749555,
    "H": 9.744848376957084,
    "Herr": 0.0868618498237708,
    "posterior": {
        "mean": [
            0.3551837224517911,
            0.4126635541674118,
            0.020560138034731397
        ],
        "stdev": [
            0.030120457483243924,
            0.020280697892256717,
            0.0557175609713227
        ],
        "median": [
            0.35327884738806664,
            0.4103375910423746,
            0.021567475690307036
        ],
        "errlo": [
            0.32567353902504925,
            0.3934087198031758,
            -0.035320091020477576
        ],
        "errup": [
            0.38608026405681367,
            0.43187450496076146,
            0.07482505458087996
        ],
        "information_gain_bits": [
            2.0739781552256056,
            4.047445368147447,
            2.202952333700384
        ]
    },
    "maximum_likelihood": {
        "logl": 34.062365686621135,
        "point": [
            0.3472472163181204,
            0.4102788348198124,
            0.017202608775020334
        ],
        "point_untransformed": [
            0.3472472163181204,
            0.02051394174099062,
            0.5086013043875102
        ]
    },
    "ncall": 32969,
    "paramnames": [
        "sigma",
        "l",
        "k"
    ],
    "logzerr_single": 0.09871599858663783,
    "insertion_order_MWW_test": {
        "independent_iterations": Infinity,
        "converged": true
    }
}