{
    "niter": 16883,
    "logz": 22.750320399432375,
    "logzerr": 0.14632923634701864,
    "logz_bs": 22.761564843767157,
    "logz_single": 22.750320399432375,
    "logzerr_tail": 0.009942797645329904,
    "logzerr_bs": 0.14599104830394793,
    "ess": 4818.335991749555,
    "H": 9.744848376957105,
    "Herr": 0.06543410979217915,
    "posterior": {
        "mean": [
            0.35505982265480385,
            0.4127485278833158,
            0.020459602708004312
        ],
        "stdev": [
            0.03010618612396,
            0.02041917235080888,
            0.055623578605503675
        ],
        "median": [
            0.35308297501559444,
            0.4102380790917254,
            0.021605220558774674
        ],
        "errlo": [
            0.32559316087598195,
            0.3934442959925904,
            -0.03547875802513571
        ],
        "errup": [
            0.3860106285349228,
            0.4321061585383776,
            0.07474864656830005
        ],
        "information_gain_bits": [
            2.0739781552256056,
            4.047445368147447,
            2.202952333700384
        ]
    },
    "maximum_likelihood": {
        "logl": 34.062365686621135,
        "point": [
            0.3472472163181204,
            0.4102788348198124,
            0.017202608775020334
        ],
        "point_untransformed": [
            0.3472472163181204,
            0.02051394174099062,
            0.5086013043875102
        ]
    },
    "ncall": 32969,
    "paramnames": [
        "sigma",
        "l",
        "k"
    ],
    "logzerr_single": 0.09871599858663795,
    "insertion_order_MWW_test": {
        "independent_iterations": Infinity,
        "converged": true
    }
}