{
    "niter": 16883,
    "logz": 22.750320399432375,
    "logzerr": 0.16556577332242017,
    "logz_bs": 22.748928318390234,
    "logz_single": 22.750320399432375,
    "logzerr_tail": 0.009942797645329904,
    "logzerr_bs": 0.16526695395884516,
    "ess": 4818.335991749555,
    "H": 9.744848376957105,
    "Herr": 0.076793920712529,
    "posterior": {
        "mean": [
            0.3552552677625841,
            0.41268928448385767,
            0.020614370286784603
        ],
        "stdev": [
            0.030151990538287397,
            0.020240647383613558,
            0.05578959833946844
        ],
        "median": [
            0.3532649789813426,
            0.41025466193622234,
            0.021834357543266014
        ],
        "errlo": [
            0.3256492236006645,
            0.39354131610139276,
            -0.03563180538728117
        ],
        "errup": [
            0.386290179816408,
            0.43193369548228894,
            0.07503919033440432
        ],
        "information_gain_bits": [
            2.0739781552256056,
            4.047445368147447,
            2.202952333700384
        ]
    },
    "maximum_likelihood": {
        "logl": 34.062365686621135,
        "point": [
            0.3472472163181204,
            0.4102788348198124,
            0.017202608775020334
        ],
        "point_untransformed": [
            0.3472472163181204,
            0.02051394174099062,
            0.5086013043875102
        ]
    },
    "ncall": 32969,
    "paramnames": [
        "sigma",
        "l",
        "k"
    ],
    "logzerr_single": 0.09871599858663795,
    "insertion_order_MWW_test": {
        "independent_iterations": Infinity,
        "converged": true
    }
}