"c_mean","c_stdev","c_median","c_errlo","c_errup","d_mean","d_stdev","d_median","d_errlo","d_errup","e_mean","e_stdev","e_median","e_errlo","e_errup"
2.277148249973156291e-01,1.142388146618288254e-02,2.273226487281012620e-01,2.164862603978980893e-01,2.392041864254077499e-01,2.227086873927644831e-02,5.235695118529614788e-04,2.227465961676245235e-02,2.174563916474805958e-02,2.278627614543862062e-02,-4.114514887546808497e-01,1.489490912677136035e-02,-4.113534602018662500e-01,-4.260690793306338708e-01,-3.964914039810371049e-01
