"c_mean","c_stdev","c_median","c_errlo","c_errup","d_mean","d_stdev","d_median","d_errlo","d_errup","e_mean","e_stdev","e_median","e_errlo","e_errup"
2.276764438882935004e-01,1.144278490946968457e-02,2.272723942420847854e-01,2.164679292454130266e-01,2.391529363148245935e-01,2.227287585763914127e-02,5.240334650611911923e-04,2.227750667140584312e-02,2.174914911131263853e-02,2.278894295684193855e-02,-4.114258403937978703e-01,1.496210458910453636e-02,-4.112876625842490919e-01,-4.260646247111455898e-01,-3.964977077575310149e-01
