"c_mean","c_stdev","c_median","c_errlo","c_errup","d_mean","d_stdev","d_median","d_errlo","d_errup","e_mean","e_stdev","e_median","e_errlo","e_errup"
2.277120458865728447e-01,1.142639187512652608e-02,2.273578729223895145e-01,2.164862603978980893e-01,2.392003348465081558e-01,2.227088460672555989e-02,5.235506787262044848e-04,2.227351173289642688e-02,2.174644207494837861e-02,2.278791441866601444e-02,-4.114424762558994697e-01,1.491053825713112291e-02,-4.113374592487508696e-01,-4.260690793306338708e-01,-3.964914039810371049e-01
