{
    "niter": 22762,
    "logz": -152.50398014699053,
    "logzerr": 0.26547036561402815,
    "logz_bs": -152.50118351016934,
    "logz_single": -152.50398014699053,
    "logzerr_tail": 0.009947519943466432,
    "logzerr_bs": 0.26528392689007774,
    "ess": 4675.730270290674,
    "H": 15.721313678455203,
    "Herr": 0.08202587614830086,
    "posterior": {
        "mean": [
            0.22771204588657284,
            0.02227088460672556,
            -0.41144247625589947
        ],
        "stdev": [
            0.011426391875126526,
            0.0005235506787262045,
            0.014910538257131123
        ],
        "median": [
            0.22735787292238951,
            0.022273511732896427,
            -0.41133745924875087
        ],
        "errlo": [
            0.2164862603978981,
            0.02174644207494838,
            -0.42606907933063387
        ],
        "errup": [
            0.23920033484650816,
            0.022787914418666014,
            -0.3964914039810371
        ],
        "information_gain_bits": [
            3.8047802500684162,
            4.146478976591649,
            3.6136296649106465
        ]
    },
    "maximum_likelihood": {
        "logl": -135.31607682182545,
        "point": [
            0.22711969617331218,
            0.022283945659407865,
            -0.4108909604281731
        ],
        "point_untransformed": [
            0.6135598480866561,
            0.04456789131881573,
            0.29455451978591346
        ]
    },
    "ncall": 79327,
    "paramnames": [
        "c",
        "d",
        "e"
    ],
    "logzerr_single": 0.12538466285178265,
    "insertion_order_MWW_test": {
        "independent_iterations": Infinity,
        "converged": true
    }
}