{
    "niter": 22762,
    "logz": -152.50398014699053,
    "logzerr": 0.20376777311779287,
    "logz_bs": -152.4865869611663,
    "logz_single": -152.50398014699053,
    "logzerr_tail": 0.009947519943466432,
    "logzerr_bs": 0.20352481963720948,
    "ess": 4675.730270290674,
    "H": 15.721313678455203,
    "Herr": 0.09109655463291542,
    "posterior": {
        "mean": [
            0.2276764438882935,
            0.02227287585763914,
            -0.41142584039379787
        ],
        "stdev": [
            0.011442784909469685,
            0.0005240334650611912,
            0.014962104589104536
        ],
        "median": [
            0.22727239424208479,
            0.022277506671405843,
            -0.4112876625842491
        ],
        "errlo": [
            0.21646792924541303,
            0.02174914911131264,
            -0.4260646247111456
        ],
        "errup": [
            0.2391529363148246,
            0.02278894295684194,
            -0.396497707757531
        ],
        "information_gain_bits": [
            3.8047802500684162,
            4.146478976591649,
            3.6136296649106465
        ]
    },
    "maximum_likelihood": {
        "logl": -135.31607682182545,
        "point": [
            0.22711969617331218,
            0.022283945659407865,
            -0.4108909604281731
        ],
        "point_untransformed": [
            0.6135598480866561,
            0.04456789131881573,
            0.29455451978591346
        ]
    },
    "ncall": 79327,
    "paramnames": [
        "c",
        "d",
        "e"
    ],
    "logzerr_single": 0.12538466285178265,
    "insertion_order_MWW_test": {
        "independent_iterations": Infinity,
        "converged": true
    }
}