{
    "niter": 22762,
    "logz": -152.50398014699053,
    "logzerr": 0.17831336773345147,
    "logz_bs": -152.48093510601757,
    "logz_single": -152.50398014699053,
    "logzerr_tail": 0.009947519943466432,
    "logzerr_bs": 0.17803568170290873,
    "ess": 4675.730270290674,
    "H": 15.721313678455203,
    "Herr": 0.06770857074490734,
    "posterior": {
        "mean": [
            0.22771482499731563,
            0.02227086873927645,
            -0.41145148875468085
        ],
        "stdev": [
            0.011423881466182883,
            0.0005235695118529615,
            0.01489490912677136
        ],
        "median": [
            0.22732264872810126,
            0.022274659616762452,
            -0.41135346020186625
        ],
        "errlo": [
            0.2164862603978981,
            0.02174563916474806,
            -0.42606907933063387
        ],
        "errup": [
            0.23920418642540775,
            0.02278627614543862,
            -0.3964914039810371
        ],
        "information_gain_bits": [
            3.8047802500684162,
            4.146478976591649,
            3.6136296649106465
        ]
    },
    "maximum_likelihood": {
        "logl": -135.31607682182545,
        "point": [
            0.22711969617331218,
            0.022283945659407865,
            -0.4108909604281731
        ],
        "point_untransformed": [
            0.6135598480866561,
            0.04456789131881573,
            0.29455451978591346
        ]
    },
    "ncall": 79327,
    "paramnames": [
        "c",
        "d",
        "e"
    ],
    "logzerr_single": 0.12538466285178265,
    "insertion_order_MWW_test": {
        "independent_iterations": Infinity,
        "converged": true
    }
}