{
    "niter": 22762,
    "logz": -152.50398014699053,
    "logzerr": 0.1421931896889441,
    "logz_bs": -152.50419220506467,
    "logz_single": -152.50398014699053,
    "logzerr_tail": 0.009947519943466432,
    "logzerr_bs": 0.14184480970726554,
    "ess": 4675.730270290674,
    "H": 15.721313678455203,
    "Herr": 0.07429353709765302,
    "posterior": {
        "mean": [
            0.22770202451073154,
            0.022271454137745315,
            -0.41143729300629905
        ],
        "stdev": [
            0.011413657337113246,
            0.0005231637676453999,
            0.014886029422699463
        ],
        "median": [
            0.22730090591781105,
            0.022275627689353303,
            -0.411321874063286
        ],
        "errlo": [
            0.21647865801007593,
            0.021746819652518398,
            -0.4260646247111456
        ],
        "errup": [
            0.23919726694439405,
            0.022787914418666014,
            -0.3964914039810371
        ],
        "information_gain_bits": [
            3.8047802500684162,
            4.146478976591649,
            3.6136296649106465
        ]
    },
    "maximum_likelihood": {
        "logl": -135.31607682182545,
        "point": [
            0.22711969617331218,
            0.022283945659407865,
            -0.4108909604281731
        ],
        "point_untransformed": [
            0.6135598480866561,
            0.04456789131881573,
            0.29455451978591346
        ]
    },
    "ncall": 79327,
    "paramnames": [
        "c",
        "d",
        "e"
    ],
    "logzerr_single": 0.12538466285178265,
    "insertion_order_MWW_test": {
        "independent_iterations": Infinity,
        "converged": true
    }
}