"sigma_mean","sigma_stdev","sigma_median","sigma_errlo","sigma_errup","l_mean","l_stdev","l_median","l_errlo","l_errup","a_mean","a_stdev","a_median","a_errlo","a_errup","b_mean","b_stdev","b_median","b_errlo","b_errup"
1.889002888159922733e-01,1.445750126996989127e-02,1.876624489522768502e-01,1.747273237242631672e-01,2.033120427009039999e-01,6.213805072345481850e-01,4.872285009473741740e-02,6.236525040865719127e-01,5.729690089918125784e-01,6.696080126395583809e-01,7.302921866332764619e-03,5.026751547554525468e-04,7.305413644720537558e-03,6.801665202716564163e-03,7.810273375259288442e-03,7.396953506955003532e-03,2.525964985067760335e-02,7.353983739980307632e-03,-1.801050362201661592e-02,3.263760653022496072e-02
