"sigma_mean","sigma_stdev","sigma_median","sigma_errlo","sigma_errup","l_mean","l_stdev","l_median","l_errlo","l_errup","a_mean","a_stdev","a_median","a_errlo","a_errup","b_mean","b_stdev","b_median","b_errlo","b_errup"
1.889199343866711789e-01,1.446390637341025617e-02,1.876627888215552931e-01,1.747379026096577137e-01,2.033360962295522323e-01,6.213011404529320547e-01,4.883461631061158936e-02,6.235951418302047022e-01,5.727181692603123819e-01,6.696245006521613918e-01,7.304649352845897330e-03,5.029917712751735522e-04,7.307722506755168212e-03,6.802868314974563901e-03,7.810474383126299325e-03,7.254041093527620679e-03,2.522449511775764347e-02,7.269245569492488457e-03,-1.806823149567104991e-02,3.255005584858627898e-02
