{
    "niter": 22504,
    "logz": 63.71119340779362,
    "logzerr": 0.16335547295943573,
    "logz_bs": 63.679953910942395,
    "logz_single": 63.71119340779362,
    "logzerr_tail": 0.009950330396982565,
    "logzerr_bs": 0.16305214341060292,
    "ess": 5545.434566531395,
    "H": 14.87595837356978,
    "Herr": 0.08676735059298019,
    "posterior": {
        "mean": [
            0.18891924148702455,
            0.6213275455103839,
            0.007302569804613109,
            0.007360253168238262
        ],
        "stdev": [
            0.01450008730734012,
            0.048723638287984344,
            0.0005028260482848476,
            0.025286715683661448
        ],
        "median": [
            0.18765861954532168,
            0.6235878189707493,
            0.007305158387737987,
            0.007271301943318598
        ],
        "errlo": [
            0.17473738149556703,
            0.5729600215943746,
            0.006801665202716564,
            -0.01804956153805819
        ],
        "errup": [
            0.203312042700904,
            0.6696084286799463,
            0.0078087130592301435,
            0.03260289349198366
        ],
        "information_gain_bits": [
            3.105771449097454,
            3.9184393578634755,
            3.782168858268136,
            3.6683600004105075
        ]
    },
    "maximum_likelihood": {
        "logl": 80.70950287542964,
        "point": [
            0.18385927832703522,
            0.6300916731305279,
            0.007330285028285047,
            0.007309469871523699
        ],
        "point_untransformed": [
            0.18385927832703522,
            0.0315045836565264,
            0.5733028502828504,
            0.5018273674678809
        ]
    },
    "ncall": 141280,
    "paramnames": [
        "sigma",
        "l",
        "a",
        "b"
    ],
    "logzerr_single": 0.12196703806180496,
    "insertion_order_MWW_test": {
        "independent_iterations": Infinity,
        "converged": true
    }
}