{
    "niter": 22504,
    "logz": 63.71119340779362,
    "logzerr": 0.15237113969953567,
    "logz_bs": 63.67109021838462,
    "logz_single": 63.71119340779362,
    "logzerr_tail": 0.009950330396982565,
    "logzerr_bs": 0.15204589813055236,
    "ess": 5545.434566531395,
    "H": 14.875958373569738,
    "Herr": 0.10329490874881454,
    "posterior": {
        "mean": [
            0.18891993438667118,
            0.621301140452932,
            0.007304649352845897,
            0.007254041093527621
        ],
        "stdev": [
            0.014463906373410256,
            0.04883461631061159,
            0.0005029917712751736,
            0.025224495117757643
        ],
        "median": [
            0.1876627888215553,
            0.6235951418302047,
            0.007307722506755168,
            0.0072692455694924885
        ],
        "errlo": [
            0.1747379026096577,
            0.5727181692603124,
            0.006802868314974564,
            -0.01806823149567105
        ],
        "errup": [
            0.20333609622955223,
            0.6696245006521614,
            0.007810474383126299,
            0.03255005584858628
        ],
        "information_gain_bits": [
            3.105771449097454,
            3.9184393578634755,
            3.782168858268136,
            3.6683600004105075
        ]
    },
    "maximum_likelihood": {
        "logl": 80.70950287542964,
        "point": [
            0.18385927832703522,
            0.6300916731305279,
            0.007330285028285047,
            0.007309469871523699
        ],
        "point_untransformed": [
            0.18385927832703522,
            0.0315045836565264,
            0.5733028502828504,
            0.5018273674678809
        ]
    },
    "ncall": 141280,
    "paramnames": [
        "sigma",
        "l",
        "a",
        "b"
    ],
    "logzerr_single": 0.12196703806180478,
    "insertion_order_MWW_test": {
        "independent_iterations": Infinity,
        "converged": true
    }
}