{
    "niter": 22504,
    "logz": 63.71119340779362,
    "logzerr": 0.22033975316906315,
    "logz_bs": 63.71818554574938,
    "logz_single": 63.71119340779362,
    "logzerr_tail": 0.009950330396982565,
    "logzerr_bs": 0.2201149648515397,
    "ess": 5545.434566531395,
    "H": 14.87595837356978,
    "Herr": 0.1019555073355097,
    "posterior": {
        "mean": [
            0.18890028881599227,
            0.6213805072345482,
            0.007302921866332765,
            0.0073969535069550035
        ],
        "stdev": [
            0.014457501269969891,
            0.04872285009473742,
            0.0005026751547554525,
            0.025259649850677603
        ],
        "median": [
            0.18766244895227685,
            0.6236525040865719,
            0.0073054136447205376,
            0.007353983739980308
        ],
        "errlo": [
            0.17472732372426317,
            0.5729690089918126,
            0.006801665202716564,
            -0.018010503622016616
        ],
        "errup": [
            0.203312042700904,
            0.6696080126395584,
            0.0078102733752592884,
            0.03263760653022496
        ],
        "information_gain_bits": [
            3.105771449097454,
            3.9184393578634755,
            3.782168858268136,
            3.6683600004105075
        ]
    },
    "maximum_likelihood": {
        "logl": 80.70950287542964,
        "point": [
            0.18385927832703522,
            0.6300916731305279,
            0.007330285028285047,
            0.007309469871523699
        ],
        "point_untransformed": [
            0.18385927832703522,
            0.0315045836565264,
            0.5733028502828504,
            0.5018273674678809
        ]
    },
    "ncall": 141280,
    "paramnames": [
        "sigma",
        "l",
        "a",
        "b"
    ],
    "logzerr_single": 0.12196703806180496,
    "insertion_order_MWW_test": {
        "independent_iterations": Infinity,
        "converged": true
    }
}