{
    "niter": 22504,
    "logz": 63.71119340779362,
    "logzerr": 0.1891049970180917,
    "logz_bs": 63.70868657949622,
    "logz_single": 63.71119340779362,
    "logzerr_tail": 0.009950330396982565,
    "logzerr_bs": 0.18884303223101284,
    "ess": 5545.434566531395,
    "H": 14.875958373569738,
    "Herr": 0.07766104194443131,
    "posterior": {
        "mean": [
            0.18886017081486353,
            0.6213205494657623,
            0.007304709473223353,
            0.0073338161297141335
        ],
        "stdev": [
            0.014473488197551579,
            0.04883065867284345,
            0.0005024613467561383,
            0.02515760753565669
        ],
        "median": [
            0.1876354159371396,
            0.6235664913067226,
            0.007306651719329801,
            0.0073466248945823764
        ],
        "errlo": [
            0.1747132017389984,
            0.5727611471878074,
            0.00680298725344497,
            -0.01802021942231069
        ],
        "errup": [
            0.20327851745969186,
            0.6697695514487132,
            0.00781148194164525,
            0.032563291983199516
        ],
        "information_gain_bits": [
            3.105771449097454,
            3.9184393578634755,
            3.782168858268136,
            3.6683600004105075
        ]
    },
    "maximum_likelihood": {
        "logl": 80.70950287542964,
        "point": [
            0.18385927832703522,
            0.6300916731305279,
            0.007330285028285047,
            0.007309469871523699
        ],
        "point_untransformed": [
            0.18385927832703522,
            0.0315045836565264,
            0.5733028502828504,
            0.5018273674678809
        ]
    },
    "ncall": 141280,
    "paramnames": [
        "sigma",
        "l",
        "a",
        "b"
    ],
    "logzerr_single": 0.12196703806180478,
    "insertion_order_MWW_test": {
        "independent_iterations": Infinity,
        "converged": true
    }
}