"a_mean","a_stdev","a_median","a_errlo","a_errup","b_mean","b_stdev","b_median","b_errlo","b_errup"
1.010732537881541861e-02,9.410128171819472412e-05,1.010867698016816932e-02,1.001271009203778123e-02,1.019979804228887676e-02,-9.093084136447479593e-02,5.461265424123274564e-03,-9.100724402055182516e-02,-9.642011221323110171e-02,-8.532161800413162744e-02
