"a_mean","a_stdev","a_median","a_errlo","a_errup","b_mean","b_stdev","b_median","b_errlo","b_errup"
1.010732980419202370e-02,9.412141784147419151e-05,1.010861424725891661e-02,1.001234536089899013e-02,1.019991291347207424e-02,-9.093241089701875612e-02,5.447401834152373196e-03,-9.099698344659823412e-02,-9.641873359684650924e-02,-8.533905921790685412e-02
