"a_mean","a_stdev","a_median","a_errlo","a_errup","b_mean","b_stdev","b_median","b_errlo","b_errup"
1.010728459513696512e-02,9.410691928349073016e-05,1.010844277032774824e-02,1.001216912622832078e-02,1.019975836341734110e-02,-9.092295978469151774e-02,5.457097948473986146e-03,-9.102226122541556830e-02,-9.641837700233035768e-02,-8.532080428104205083e-02
