{
    "niter": 17730,
    "logz": -1420.8524389154434,
    "logzerr": 0.16092015803820386,
    "logz_bs": -1420.834405664201,
    "logz_single": -1420.8524389154434,
    "logzerr_tail": 0.009945798171656861,
    "logzerr_bs": 0.16061250997904608,
    "ess": 3981.5257068867572,
    "H": 11.14000854570304,
    "Herr": 0.07407669769074911,
    "posterior": {
        "mean": [
            0.010107325378815419,
            -0.0909308413644748
        ],
        "stdev": [
            9.410128171819472e-05,
            0.0054612654241232746
        ],
        "median": [
            0.01010867698016817,
            -0.09100724402055183
        ],
        "errlo": [
            0.010012710092037781,
            -0.0964201122132311
        ],
        "errup": [
            0.010199798042288877,
            -0.08532161800413163
        ],
        "information_gain_bits": [
            4.14647919764959,
            4.14647919714331
        ]
    },
    "maximum_likelihood": {
        "logl": -1408.7228240239638,
        "point": [
            0.01010859407709034,
            -0.09088800833014199
        ],
        "point_untransformed": [
            0.6010859407709034,
            0.4772779979174645
        ]
    },
    "ncall": 21438,
    "paramnames": [
        "a",
        "b"
    ],
    "logzerr_single": 0.10554623889889701,
    "insertion_order_MWW_test": {
        "independent_iterations": Infinity,
        "converged": true
    }
}