{
    "niter": 17730,
    "logz": -1420.8524389154434,
    "logzerr": 0.1716261304922538,
    "logz_bs": -1420.87131882967,
    "logz_single": -1420.8524389154434,
    "logzerr_tail": 0.009945798171656861,
    "logzerr_bs": 0.17133770678537985,
    "ess": 3981.5257068867572,
    "H": 11.140008545702813,
    "Herr": 0.07895951758708568,
    "posterior": {
        "mean": [
            0.010107329804192024,
            -0.09093241089701876
        ],
        "stdev": [
            9.412141784147419e-05,
            0.005447401834152373
        ],
        "median": [
            0.010108614247258917,
            -0.09099698344659823
        ],
        "errlo": [
            0.01001234536089899,
            -0.09641873359684651
        ],
        "errup": [
            0.010199912913472074,
            -0.08533905921790685
        ],
        "information_gain_bits": [
            4.14647919764959,
            4.14647919714331
        ]
    },
    "maximum_likelihood": {
        "logl": -1408.7228240239638,
        "point": [
            0.01010859407709034,
            -0.09088800833014199
        ],
        "point_untransformed": [
            0.6010859407709034,
            0.4772779979174645
        ]
    },
    "ncall": 21438,
    "paramnames": [
        "a",
        "b"
    ],
    "logzerr_single": 0.10554623889889593,
    "insertion_order_MWW_test": {
        "independent_iterations": Infinity,
        "converged": true
    }
}