{
    "niter": 17730,
    "logz": -1420.8524389154434,
    "logzerr": 0.2263883458522638,
    "logz_bs": -1420.8617511843242,
    "logz_single": -1420.8524389154434,
    "logzerr_tail": 0.009945798171656861,
    "logzerr_bs": 0.22616976861741023,
    "ess": 3981.5257068867572,
    "H": 11.14000854570304,
    "Herr": 0.09273523958523609,
    "posterior": {
        "mean": [
            0.010107443871061689,
            -0.09093807161738315
        ],
        "stdev": [
            9.405007959240693e-05,
            0.005450822240296272
        ],
        "median": [
            0.010108704823158881,
            -0.09103195880353365
        ],
        "errlo": [
            0.01001234536089899,
            -0.09641837700233036
        ],
        "errup": [
            0.010199798042288877,
            -0.08533905921790685
        ],
        "information_gain_bits": [
            4.14647919764959,
            4.14647919714331
        ]
    },
    "maximum_likelihood": {
        "logl": -1408.7228240239638,
        "point": [
            0.01010859407709034,
            -0.09088800833014199
        ],
        "point_untransformed": [
            0.6010859407709034,
            0.4772779979174645
        ]
    },
    "ncall": 21438,
    "paramnames": [
        "a",
        "b"
    ],
    "logzerr_single": 0.10554623889889701,
    "insertion_order_MWW_test": {
        "independent_iterations": Infinity,
        "converged": true
    }
}