{
    "niter": 17730,
    "logz": -1420.8524389154434,
    "logzerr": 0.1544443936250987,
    "logz_bs": -1420.8641214227807,
    "logz_single": -1420.8524389154434,
    "logzerr_tail": 0.009945798171656861,
    "logzerr_bs": 0.1541238197714847,
    "ess": 3981.5257068867572,
    "H": 11.140008545702813,
    "Herr": 0.08711410080346256,
    "posterior": {
        "mean": [
            0.010107284595136965,
            -0.09092295978469152
        ],
        "stdev": [
            9.410691928349073e-05,
            0.005457097948473986
        ],
        "median": [
            0.010108442770327748,
            -0.09102226122541557
        ],
        "errlo": [
            0.01001216912622832,
            -0.09641837700233036
        ],
        "errup": [
            0.010199758363417341,
            -0.08532080428104205
        ],
        "information_gain_bits": [
            4.14647919764959,
            4.14647919714331
        ]
    },
    "maximum_likelihood": {
        "logl": -1408.7228240239638,
        "point": [
            0.01010859407709034,
            -0.09088800833014199
        ],
        "point_untransformed": [
            0.6010859407709034,
            0.4772779979174645
        ]
    },
    "ncall": 21438,
    "paramnames": [
        "a",
        "b"
    ],
    "logzerr_single": 0.10554623889889593,
    "insertion_order_MWW_test": {
        "independent_iterations": Infinity,
        "converged": true
    }
}