"sigma_mean","sigma_stdev","sigma_median","sigma_errlo","sigma_errup","l_mean","l_stdev","l_median","l_errlo","l_errup","c_mean","c_stdev","c_median","c_errlo","c_errup","d_mean","d_stdev","d_median","d_errlo","d_errup","e_mean","e_stdev","e_median","e_errlo","e_errup"
1.030096248652482699e-01,8.802555765549493691e-03,1.025731366391850891e-01,9.424735753014981676e-02,1.118489065821322431e-01,9.181963088651929894e-01,1.678922278361756337e-01,9.063084113730378588e-01,8.324436470715232961e-01,1.001683922127124537e+00,2.168485018372996176e-01,3.343710936113009763e-02,2.147207385409737324e-01,1.843093523861432104e-01,2.493688418524870887e-01,2.274055996358080589e-02,1.774063493185979454e-03,2.272032687646633950e-02,2.099174350198496075e-02,2.446052680023861128e-02,-3.859189388671723231e-01,3.321439478415189744e-02,-3.847075948370559662e-01,-4.190583667931269130e-01,-3.533984193493659998e-01
