"sigma_mean","sigma_stdev","sigma_median","sigma_errlo","sigma_errup","l_mean","l_stdev","l_median","l_errlo","l_errup","c_mean","c_stdev","c_median","c_errlo","c_errup","d_mean","d_stdev","d_median","d_errlo","d_errup","e_mean","e_stdev","e_median","e_errlo","e_errup"
1.029713355200825436e-01,8.796218250184100612e-03,1.025330529086250220e-01,9.417624076824204771e-02,1.117965062025858825e-01,9.181907538809065406e-01,1.509881248131258180e-01,9.066407671603140539e-01,8.324436470715232961e-01,1.001763405299506138e+00,2.168784379256769868e-01,3.338264131543334373e-02,2.146887774847117125e-01,1.844519727674489573e-01,2.492903994050568173e-01,2.273786835037387710e-02,1.766659757987407934e-03,2.272566453700774688e-02,2.099351951375090508e-02,2.445068531770707917e-02,-3.859668246405529302e-01,3.315522931297623654e-02,-3.847075948370559662e-01,-4.189998602594133814e-01,-3.535322154892717172e-01
