"sigma_mean","sigma_stdev","sigma_median","sigma_errlo","sigma_errup","l_mean","l_stdev","l_median","l_errlo","l_errup","c_mean","c_stdev","c_median","c_errlo","c_errup","d_mean","d_stdev","d_median","d_errlo","d_errup","e_mean","e_stdev","e_median","e_errlo","e_errup"
1.029950319984484913e-01,8.816731367161951410e-03,1.025898078889556642e-01,9.420301954065088412e-02,1.118086837294552938e-01,9.192196698407990585e-01,2.032347928156005568e-01,9.063084113730378588e-01,8.324436470715232961e-01,1.001384933202242644e+00,2.168792355481461986e-01,3.338599236288861821e-02,2.146422476415434932e-01,1.844392790983659935e-01,2.492903994050568173e-01,2.273790506479194881e-02,1.767227358757405414e-03,2.272638635426334902e-02,2.099281970207621945e-02,2.445087618095236406e-02,-3.859764523576951212e-01,3.312020242492576955e-02,-3.847297857203103577e-01,-4.190012099413894520e-01,-3.535256037237486382e-01
