{
    "niter": 27793,
    "logz": 109.69309710070424,
    "logzerr": 0.15438292629094214,
    "logz_bs": 109.69219334309737,
    "logz_single": 109.69309710070424,
    "logzerr_tail": 0.009942558333150942,
    "logzerr_bs": 0.15406243365579542,
    "ess": 6044.369682739285,
    "H": 19.80296591229859,
    "Herr": 0.09147159810350268,
    "posterior": {
        "mean": [
            0.10300962486524827,
            0.918196308865193,
            0.21684850183729962,
            0.022740559963580806,
            -0.3859189388671723
        ],
        "stdev": [
            0.008802555765549494,
            0.16789222783617563,
            0.0334371093611301,
            0.0017740634931859795,
            0.0332143947841519
        ],
        "median": [
            0.10257313663918509,
            0.9063084113730379,
            0.21472073854097373,
            0.02272032687646634,
            -0.38470759483705597
        ],
        "errlo": [
            0.09424735753014982,
            0.8324436470715233,
            0.1843093523861432,
            0.02099174350198496,
            -0.4190583667931269
        ],
        "errup": [
            0.11184890658213224,
            1.0016839221271245,
            0.2493688418524871,
            0.02446052680023861,
            -0.353398419349366
        ],
        "information_gain_bits": [
            3.5380068802241813,
            3.4982611254156786,
            2.92320299906204,
            3.872910178446134,
            2.928249768083955
        ]
    },
    "maximum_likelihood": {
        "logl": 132.05759182384116,
        "point": [
            0.09897725859123353,
            0.9030737995685988,
            0.21113680300040416,
            0.022884936007680823,
            -0.3800315800027142
        ],
        "point_untransformed": [
            0.09897725859123353,
            0.04515368997842994,
            0.6055684015002021,
            0.045769872015361646,
            0.3099842099986429
        ]
    },
    "ncall": 1238534,
    "paramnames": [
        "sigma",
        "l",
        "c",
        "d",
        "e"
    ],
    "logzerr_single": 0.14072301131051235,
    "insertion_order_MWW_test": {
        "independent_iterations": Infinity,
        "converged": true
    }
}