{
    "niter": 27793,
    "logz": 109.69309710070424,
    "logzerr": 0.10486097644432794,
    "logz_bs": 109.64967487884337,
    "logz_single": 109.69309710070424,
    "logzerr_tail": 0.009942558333150942,
    "logzerr_bs": 0.10438855260348134,
    "ess": 6044.369682739285,
    "H": 19.80296591229859,
    "Herr": 0.07597935360863764,
    "posterior": {
        "mean": [
            0.10297133552008254,
            0.9181907538809065,
            0.216878437925677,
            0.022737868350373877,
            -0.38596682464055293
        ],
        "stdev": [
            0.0087962182501841,
            0.15098812481312582,
            0.033382641315433344,
            0.001766659757987408,
            0.03315522931297624
        ],
        "median": [
            0.10253305290862502,
            0.906640767160314,
            0.2146887774847117,
            0.022725664537007747,
            -0.38470759483705597
        ],
        "errlo": [
            0.09417624076824205,
            0.8324436470715233,
            0.18445197276744896,
            0.020993519513750905,
            -0.4189998602594134
        ],
        "errup": [
            0.11179650620258588,
            1.0017634052995061,
            0.24929039940505682,
            0.02445068531770708,
            -0.3535322154892717
        ],
        "information_gain_bits": [
            3.5380068802241813,
            3.4982611254156786,
            2.92320299906204,
            3.872910178446134,
            2.928249768083955
        ]
    },
    "maximum_likelihood": {
        "logl": 132.05759182384116,
        "point": [
            0.09897725859123353,
            0.9030737995685988,
            0.21113680300040416,
            0.022884936007680823,
            -0.3800315800027142
        ],
        "point_untransformed": [
            0.09897725859123353,
            0.04515368997842994,
            0.6055684015002021,
            0.045769872015361646,
            0.3099842099986429
        ]
    },
    "ncall": 1238534,
    "paramnames": [
        "sigma",
        "l",
        "c",
        "d",
        "e"
    ],
    "logzerr_single": 0.14072301131051235,
    "insertion_order_MWW_test": {
        "independent_iterations": Infinity,
        "converged": true
    }
}