{
    "niter": 27793,
    "logz": 109.69309710070424,
    "logzerr": 0.32273514129815417,
    "logz_bs": 109.67821103742679,
    "logz_single": 109.69309710070424,
    "logzerr_tail": 0.009942558333150942,
    "logzerr_bs": 0.3225819538699142,
    "ess": 6044.369682739285,
    "H": 19.80296591229842,
    "Herr": 0.10058481293975449,
    "posterior": {
        "mean": [
            0.10300939393704403,
            0.9181934633319546,
            0.21685303328156522,
            0.022740377388914823,
            -0.3859242180733312
        ],
        "stdev": [
            0.008802512915653158,
            0.16788606140584827,
            0.033444855515091,
            0.001774342617597292,
            0.033219623824457596
        ],
        "median": [
            0.10257313663918509,
            0.9063084113730379,
            0.21472073854097373,
            0.02272032687646634,
            -0.38470759483705597
        ],
        "errlo": [
            0.09424735753014982,
            0.8324685131430907,
            0.1843093523861432,
            0.02099174350198496,
            -0.4190583667931269
        ],
        "errup": [
            0.11184890658213224,
            1.0016839221271245,
            0.2493688418524871,
            0.02446052680023861,
            -0.353398419349366
        ],
        "information_gain_bits": [
            3.5380068802241813,
            3.4982611254156786,
            2.92320299906204,
            3.872910178446134,
            2.928249768083955
        ]
    },
    "maximum_likelihood": {
        "logl": 132.05759182384116,
        "point": [
            0.09897725859123353,
            0.9030737995685988,
            0.21113680300040416,
            0.022884936007680823,
            -0.3800315800027142
        ],
        "point_untransformed": [
            0.09897725859123353,
            0.04515368997842994,
            0.6055684015002021,
            0.045769872015361646,
            0.3099842099986429
        ]
    },
    "ncall": 1238534,
    "paramnames": [
        "sigma",
        "l",
        "c",
        "d",
        "e"
    ],
    "logzerr_single": 0.14072301131051176,
    "insertion_order_MWW_test": {
        "independent_iterations": Infinity,
        "converged": true
    }
}