{
    "niter": 27793,
    "logz": 109.69309710070424,
    "logzerr": 0.3129331881157443,
    "logz_bs": 109.67781199069724,
    "logz_single": 109.69309710070424,
    "logzerr_tail": 0.009942558333150942,
    "logzerr_bs": 0.3127752000368247,
    "ess": 6044.369682739285,
    "H": 19.80296591229842,
    "Herr": 0.10440380281221645,
    "posterior": {
        "mean": [
            0.10299503199844849,
            0.9192196698407991,
            0.2168792355481462,
            0.02273790506479195,
            -0.3859764523576951
        ],
        "stdev": [
            0.008816731367161951,
            0.20323479281560056,
            0.03338599236288862,
            0.0017672273587574054,
            0.03312020242492577
        ],
        "median": [
            0.10258980788895566,
            0.9063084113730379,
            0.2146422476415435,
            0.02272638635426335,
            -0.38472978572031036
        ],
        "errlo": [
            0.09420301954065088,
            0.8324436470715233,
            0.184439279098366,
            0.02099281970207622,
            -0.41900120994138945
        ],
        "errup": [
            0.1118086837294553,
            1.0013849332022426,
            0.24929039940505682,
            0.024450876180952364,
            -0.35352560372374864
        ],
        "information_gain_bits": [
            3.5380068802241813,
            3.4982611254156786,
            2.92320299906204,
            3.872910178446134,
            2.928249768083955
        ]
    },
    "maximum_likelihood": {
        "logl": 132.05759182384116,
        "point": [
            0.09897725859123353,
            0.9030737995685988,
            0.21113680300040416,
            0.022884936007680823,
            -0.3800315800027142
        ],
        "point_untransformed": [
            0.09897725859123353,
            0.04515368997842994,
            0.6055684015002021,
            0.045769872015361646,
            0.3099842099986429
        ]
    },
    "ncall": 1238534,
    "paramnames": [
        "sigma",
        "l",
        "c",
        "d",
        "e"
    ],
    "logzerr_single": 0.14072301131051176,
    "insertion_order_MWW_test": {
        "independent_iterations": Infinity,
        "converged": true
    }
}